{
    "batch_size": 64,
    "betaB_G": 100,
    "betaB_finC": 25,
    "betaB_initC": 0,
    "betaH_B": 4,
    "btcvae_A": 1,
    "btcvae_B": 6,
    "btcvae_G": 1,
    "checkpoint_every": 30,
    "dataset": "dsprites",
    "epochs": 2,
    "eval_batchsize": 1000,
    "experiment": "custom",
    "factor_G": 6,
    "gpu": "0",
    "img_size": [
        1,
        64,
        64
    ],
    "is_eval_only": false,
    "is_metrics": false,
    "latent_dim": 10,
    "log_level": "info",
    "loss": "betaH",
    "lr": 0.0005,
    "lr_disc": 5e-05,
    "max_predict_epochs": 2,
    "model_type": "Burgess",
    "name": "dummy_name",
    "name_suffix": "",
    "no_cuda": false,
    "no_progress_bar": false,
    "no_pvae_supervision": false,
    "no_test": false,
    "normal_testset_number": "0",
    "overwrite": true,
    "rec_dist": "bernoulli",
    "reg_anneal": 10000,
    "reload_from": "none",
    "seed": 1234,
    "short_test": false,
    "test": true,
    "test_level": 0,
    "vae": "betaH",
    "verbose": false,
    "zs_combo": [
        2,
        4
    ],
    "zs_combo_vals": [
        0,
        0
    ]
}